{
  "demos": [
    "TAHS",
    "AESMSI",
    "MFSMLS",
    "MMFS",
    "CCAMFS",
    "DISO",
    "MIGA",
    "CFARSSDA"
  ],
  "targets": [
    "weight",
    "stress_skin"
  ],
  "runtime": {
    "solver": "abaqus",
    "interface_available": true,
    "command_name": "abq2022",
    "command_available": true,
    "available": true,
    "backend": "EXTERNAL_SOLVER"
  },
  "sample_counts": {
    "num_train": 30,
    "num_test": 50,
    "num_lf": 30,
    "num_hf": 15,
    "num_active_initial": 2,
    "num_infill": 21
  },
  "thresholds": {
    "ensemble_min_relative_gain": 0.1,
    "mf_min_accuracy": 90.0,
    "active_learning_min_relative_gain": 0.2
  },
  "summary": {
    "ensemble": {
      "TAHS": "PASS",
      "AESMSI": "PASS"
    },
    "multifidelity": {
      "MFSMLS": "PASS",
      "MMFS": "PASS",
      "CCAMFS": "PASS"
    },
    "active_learning": {
      "DISO": "PASS"
    },
    "optimization": {
      "MIGA": "PASS",
      "CFARSSDA": "PASS"
    }
  },
  "ensemble": [
    {
      "target": "weight",
      "baseline_single_models": {
        "PRS": {
          "accuracy": 74.54778453698869,
          "r2": -1.4637009110730506
        },
        "RBF": {
          "accuracy": 98.93152265873549,
          "r2": 0.995165013327939
        },
        "KRG": {
          "accuracy": 99.99914707946583,
          "r2": 0.9999999972671183
        },
        "SVR": {
          "accuracy": 80.62221987255431,
          "r2": -4.5100815835530383e-05
        }
      },
      "mean_single_accuracy": 88.52516853693608,
      "algorithms": {
        "TAHS": {
          "accuracy": 99.99914707946583,
          "r2": 0.9999999972671183,
          "accuracy_gain": 0.12961261449327113,
          "passed": true
        },
        "AESMSI": {
          "accuracy": 99.44510727470632,
          "r2": 0.9976628402090583,
          "accuracy_gain": 0.1233540575888768,
          "passed": true
        }
      }
    },
    {
      "target": "stress_skin",
      "baseline_single_models": {
        "PRS": {
          "accuracy": 19.17569137762083,
          "r2": -35.7345313288229
        },
        "RBF": {
          "accuracy": 98.45370330293946,
          "r2": 0.9846729712212083
        },
        "KRG": {
          "accuracy": 98.79196278347622,
          "r2": 0.9908496428800239
        },
        "SVR": {
          "accuracy": 85.13357704498095,
          "r2": -0.0002789929141366887
        }
      },
      "mean_single_accuracy": 75.38873362725437,
      "algorithms": {
        "TAHS": {
          "accuracy": 98.784900584341,
          "r2": 0.9909983351560325,
          "accuracy_gain": 0.3103403629614559,
          "passed": true
        },
        "AESMSI": {
          "accuracy": 98.66095142074039,
          "r2": 0.9871631305830025,
          "accuracy_gain": 0.3086962291812885,
          "passed": true
        }
      }
    }
  ],
  "multifidelity": [
    {
      "target": "weight",
      "algorithms": {
        "MFSMLS": {
          "accuracy": 99.7756352467467,
          "r2": 0.9997597946091531,
          "passed": true
        },
        "MMFS": {
          "accuracy": 99.92668686102199,
          "r2": 0.999977915408094,
          "passed": true
        },
        "CCAMFS": {
          "accuracy": 97.3395941820587,
          "r2": 0.9696258059814419,
          "passed": true
        }
      }
    },
    {
      "target": "stress_skin",
      "algorithms": {
        "MFSMLS": {
          "accuracy": 92.22569059133407,
          "r2": 0.6588221605875457,
          "passed": true
        },
        "MMFS": {
          "accuracy": 97.75664326000552,
          "r2": 0.9769436935959516,
          "passed": true
        },
        "CCAMFS": {
          "accuracy": 93.65409842895973,
          "r2": 0.8330531669387855,
          "passed": true
        }
      }
    }
  ],
  "active_learning": [
    {
      "target": "weight",
      "algorithm": "DISO",
      "criterion": "ei",
      "num_initial": 2,
      "num_infill": 21,
      "before": {
        "accuracy": 79.65952678944493,
        "r2": -0.1935598281783797
      },
      "after": {
        "accuracy": 99.99825934340362,
        "r2": 0.9999999878813649
      },
      "accuracy_gain": 0.2553207804977022,
      "history_best": [
        1.248973,
        0.988205,
        0.988205,
        0.988205,
        0.988205,
        0.988205,
        0.988205,
        0.988205,
        0.988205,
        0.988205,
        0.988205,
        0.988205,
        0.988205,
        0.988205,
        0.988205,
        0.988205,
        0.988205,
        0.988205,
        0.988205,
        0.988205,
        0.988205
      ],
      "passed": true
    },
    {
      "target": "stress_skin",
      "algorithm": "DISO",
      "criterion": "ei",
      "num_initial": 2,
      "num_infill": 21,
      "before": {
        "accuracy": 79.3726975212763,
        "r2": -0.700186108722429
      },
      "after": {
        "accuracy": 98.17089939837491,
        "r2": 0.9767115166371251
      },
      "accuracy_gain": 0.23683461018897156,
      "history_best": [
        694.866943,
        501.587006,
        501.587006,
        501.587006,
        501.587006,
        501.587006,
        501.587006,
        501.587006,
        501.587006,
        501.587006,
        501.587006,
        501.587006,
        501.587006,
        501.587006,
        501.587006,
        501.587006,
        501.587006,
        501.587006,
        501.587006,
        501.587006,
        501.587006
      ],
      "passed": true
    }
  ],
  "optimization": [
    {
      "algorithm": "MIGA",
      "passed": true
    },
    {
      "algorithm": "CFARSSDA",
      "passed": true
    }
  ]
}